Model,Subset,50,100,250,500,1k,2k,5k,10k
Oracle (true model),f_{X1},0.117 짹 0.072,0.049 짹 0.033,0.047 짹 0.033,0.039 짹 0.021,0.025 짹 0.019,0.023 짹 0.007,0.012 짹 0.006,0.007 짹 0.005
Oracle (true model),f_{X2},0.083 짹 0.061,0.059 짹 0.038,0.049 짹 0.036,0.031 짹 0.017,0.018 짹 0.010,0.013 짹 0.010,0.008 짹 0.005,0.007 짹 0.004
Oracle (true model),f_{X3},0.116 짹 0.112,0.124 짹 0.066,0.059 짹 0.048,0.049 짹 0.038,0.034 짹 0.036,0.024 짹 0.025,0.022 짹 0.020,0.014 짹 0.011
Oracle (true model),"f_{X1,X2}",0.138 짹 0.101,0.135 짹 0.071,0.075 짹 0.043,0.068 짹 0.041,0.045 짹 0.029,0.031 짹 0.024,0.013 짹 0.011,0.013 짹 0.008
Ridge,f_{X1},0.193 짹 0.118,0.109 짹 0.071,0.075 짹 0.039,0.049 짹 0.036,0.029 짹 0.027,0.022 짹 0.016,0.012 짹 0.010,0.010 짹 0.007
Ridge,f_{X2},0.217 짹 0.106,0.128 짹 0.073,0.075 짹 0.031,0.036 짹 0.030,0.032 짹 0.029,0.026 짹 0.012,0.017 짹 0.008,0.015 짹 0.013
Ridge,f_{X3},0.326 짹 0.121,0.193 짹 0.129,0.066 짹 0.064,0.074 짹 0.043,0.059 짹 0.046,0.036 짹 0.025,0.030 짹 0.025,0.015 짹 0.016
Ridge,"f_{X1,X2}",1.000 짹 0.000,1.000 짹 0.000,1.000 짹 0.000,1.000 짹 0.000,1.000 짹 0.000,1.000 짹 0.000,1.000 짹 0.000,1.000 짹 0.000
Random Forest,f_{X1},0.174 짹 0.100,0.083 짹 0.049,0.048 짹 0.047,0.039 짹 0.033,0.038 짹 0.025,0.038 짹 0.027,0.025 짹 0.017,0.025 짹 0.017
Random Forest,f_{X2},0.284 짹 0.212,0.240 짹 0.138,0.140 짹 0.067,0.113 짹 0.047,0.071 짹 0.035,0.043 짹 0.016,0.012 짹 0.012,0.025 짹 0.013
Random Forest,f_{X3},0.209 짹 0.205,0.176 짹 0.164,0.111 짹 0.063,0.108 짹 0.076,0.112 짹 0.057,0.077 짹 0.046,0.083 짹 0.050,0.069 짹 0.042
Random Forest,"f_{X1,X2}",0.699 짹 0.592,0.551 짹 0.306,0.410 짹 0.380,0.286 짹 0.202,0.338 짹 0.329,0.191 짹 0.207,0.155 짹 0.103,0.207 짹 0.141
NGBoost,f_{X1},0.180 짹 0.192,0.106 짹 0.061,0.072 짹 0.062,0.068 짹 0.040,0.054 짹 0.035,0.032 짹 0.026,0.032 짹 0.017,0.022 짹 0.018
NGBoost,f_{X2},0.111 짹 0.061,0.186 짹 0.152,0.140 짹 0.075,0.095 짹 0.061,0.080 짹 0.045,0.038 짹 0.027,0.025 짹 0.016,0.032 짹 0.022
NGBoost,f_{X3},0.246 짹 0.238,0.284 짹 0.179,0.224 짹 0.115,0.145 짹 0.115,0.079 짹 0.041,0.059 짹 0.055,0.044 짹 0.030,0.034 짹 0.025
NGBoost,"f_{X1,X2}",0.394 짹 0.272,0.425 짹 0.224,0.240 짹 0.185,0.204 짹 0.105,0.217 짹 0.139,0.114 짹 0.086,0.125 짹 0.081,0.131 짹 0.068
MLP,f_{X1},0.141 짹 0.096,0.073 짹 0.061,0.057 짹 0.038,0.039 짹 0.029,0.030 짹 0.027,0.025 짹 0.020,0.016 짹 0.010,0.010 짹 0.010
MLP,f_{X2},0.152 짹 0.123,0.131 짹 0.081,0.125 짹 0.042,0.091 짹 0.051,0.112 짹 0.026,0.096 짹 0.024,0.076 짹 0.021,0.072 짹 0.017
MLP,f_{X3},0.137 짹 0.125,0.161 짹 0.135,0.069 짹 0.054,0.048 짹 0.032,0.053 짹 0.044,0.035 짹 0.031,0.033 짹 0.018,0.026 짹 0.017
MLP,"f_{X1,X2}",1.232 짹 0.192,1.162 짹 0.132,0.440 짹 0.257,0.325 짹 0.221,0.372 짹 0.135,0.361 짹 0.048,0.384 짹 0.046,0.374 짹 0.035
